accuracy,precision,recall,f1_score,log_loss
0.7714393415844695,0.7869260803933225,0.7886319845857418,0.7756544727721603,0.7508709654714865
