accuracy,precision,recall,f1_score,log_loss
0.7341949548427281,0.7197801614369571,0.7399560577526679,0.7260561207314761,3.926507364498843
