accuracy,precision,recall,f1_score,log_loss
0.6519444618960859,0.6385385846937864,0.7976172175249808,0.7091282401187239,1.0778418812225954
