accuracy,precision,recall,f1_score,log_loss
0.22089589746811586,0.4666643576013213,0.22959383570589004,0.24932418528216302,1.4913482850291668
