accuracy,precision,recall,f1_score,log_loss
0.25,0.261390698869914,0.26804123711340205,0.21377353393489656,4.949613459473814
