accuracy,precision,recall,f1_score,log_loss
0.8445687001319344,0.8273122203814044,0.8467498110355253,0.8351685597552156,0.5405738102319548
