accuracy,precision,recall,f1_score,log_loss
0.7890065400186858,0.7532254652049496,0.7951977401129944,0.7601344583274541,0.6920369409599487
