accuracy,precision,recall,f1_score,log_loss
0.7257863593895982,0.6318443229010434,0.7560421735604217,0.6635924349824532,0.8707785872121734
