accuracy,precision,recall,f1_score,log_loss
0.48922535653703586,0.5448679075533956,0.4903343618160065,0.5113797469788758,3.8955401466110233
