accuracy,precision,recall,f1_score,log_loss
0.8145379154363259,0.8057367013712201,0.8326910725754656,0.8143296599308077,0.8700470281528679
